property_id,specification_anchor,claim,lean_theorem,implementation_target,implementation_tool,result,evidence,scope,implementation_status,evidence_kind,human_review_status
APYX-deposit-mint-apxusd,SPEC.md REQ-deposit-mint-apxusd,The protocol MUST mint apxUSD to a user when the user deposits USDC.,depositUSDCStep_effect; req_deposit_emits_event,Apyx deployed contracts,none (hand-off: README §6.4),model=partial / impl=not-run,depositUSDCStep_effect; req_deposit_emits_event (Apyx.lean) — Abstract effect and reachable witness only; deployed deposit refinement is not run.,witness; reachable,not-run,attack-witness,pending
APYX-mint-price,SPEC.md REQ-mint-price,The protocol MUST price newly minted apxUSD at $1 per unit.,req_mint_price_arbitrage_pathway,Apyx deployed contracts,none (hand-off: README §6.4),model=partial / impl=not-run,req_mint_price_arbitrage_pathway (Apyx.lean) — Abstract arbitrage path only; full issuance interface/refinement is not run.,model-local,not-run,model-partial,pending
APYX-redemption-value,SPEC.md REQ-redemption-value,The protocol MUST allow redemption of apxUSD at the current Redemption Value.,redeemApxUSDStep_effect,Apyx deployed contracts,none (hand-off: README §6.4),model=partial / impl=not-run,redeemApxUSDStep_effect (Apyx.lean) — Pricing at redemptionValue proved; general 'allow' existence theorem gone.,model-local,not-run,model-partial,pending
APYX-offchain-allocation,SPEC.md REQ-offchain-allocation,The Offchain Treasury MUST allocate incoming capital to acquire a basket of preferred assets and short‑term treasury bonds.,none,off-chain process,manual review,out-of-scope (not formalizable),README §6.1; requirements.json formalizable=false,out-of-scope,not-recorded,scope-decision,pending
APYX-custody-attestation,SPEC.md REQ-custody-attestation,The Offchain Treasury MUST provide regular third‑party accounting attestations and transparent reporting on custody and collateral composition.,none,off-chain process,manual review,out-of-scope (not formalizable),README §6.1; requirements.json formalizable=false,out-of-scope,not-recorded,scope-decision,pending
APYX-no-rehypothecation,SPEC.md REQ-no-rehypothecation,"The protocol MUST NOT rehypothecate, lend, or otherwise utilize deposited apxUSD for any purpose.",req_no_rehypothecation,Apyx deployed contracts,none (hand-off: README §6.4),model=partial / impl=not-run,req_no_rehypothecation (Apyx.lean) — Model-local custody frame only; external calls and unmodeled custody paths are not covered.,model-local,not-run,model-partial,pending
APYX-yield-distribution-period,SPEC.md REQ-yield-distribution-period,The Onchain Vault MUST distribute received yield to apyUSD holders over a 20‑day period.,req_yield_distribution_period,Apyx deployed contracts,none (hand-off: README §6.4),model=partial / impl=not-run,req_yield_distribution_period (Apyx.lean) — Vesting shape and reserve frame are proved; holder-level distribution and implementation refinement remain outside the model.,model-local,not-run,model-partial,pending
APYX-lock-apxusd,SPEC.md REQ-lock-apxusd,The protocol MUST allow a user to lock apxUSD in the vault and receive apyUSD.,req_lock_apxusd,Apyx deployed contracts,none (hand-off: README §6.4),model=partial / impl=not-run,req_lock_apxusd (Apyx.lean) — Abstract transition effect only; deployed vault refinement is not run.,model-local,not-run,model-partial,pending
APYX-apyusd-value-increase,SPEC.md REQ-apyusd-value-increase,The redeemable value of apyUSD MUST increase over time as yield is distributed to the vault.,req_exchange_rate_non_decreasing,Apyx deployed contracts,none (hand-off: README §6.4),model=partial / impl=not-run,"req_exchange_rate_non_decreasing (Apyx.lean) — Non-decreasing on a fixed state, not a trace. | Fixed-state time monotonicity only; not a trace theorem across operations",trace,not-run,model-partial,pending
APYX-price-may-include-spreads,SPEC.md REQ-price-may-include-spreads,The protocol MAY reflect spreads and offchain execution expenses in the price during minting and redemption.,none,Apyx deployed contracts,none (hand-off: README §6.4),declined (documented),"README §6.3: MAY clause, model prices mints hard-coded 1:1.",declined,not-recorded,scope-decision,pending
APYX-rebalance-overcollateralization,SPEC.md REQ-rebalance-overcollateralization,The system SHALL rebalance the collateral basket so that apxUSD remains over‑collateralized.,none,Apyx deployed contracts,none (hand-off: README §6.4),declined (documented),"README §6.3: model tracks aggregate collateral only, no basket composition.",declined,not-recorded,scope-decision,pending
APYX-redeem-liquidate-usdc,SPEC.md REQ-redeem-liquidate-usdc,The system SHALL liquidate preferred‑share collateral to USDC in order to settle any redemption request.,redeemApxUSDStep_effect,Apyx deployed contracts,none (hand-off: README §6.4),model=partial / impl=not-run,redeemApxUSDStep_effect (Apyx.lean) — Exact reserve debit and caller USDC credit of amount*redemptionValue/ray. | Modeled redeemApxUSD reserve debit/credit only; preferred-share USDC liquidation order is not modeled,model-local,not-run,model-partial,pending
APYX-redeem-no-share-transfer,SPEC.md REQ-redeem-no-share-transfer,The system MUST NOT transfer preferred shares directly to a participant who redeems apxUSD.,redeemApxUSDStep_effect,Apyx deployed contracts,none (hand-off: README §6.4),model=proved (unnamed mapping) / impl=not-run,redeemApxUSDStep_effect (Apyx.lean) — Post-state writes only usdcReserve/usdcBal over burnApxUSD.,model-local,not-run,model-proof,pending
APYX-redemption-settlement-value,SPEC.md REQ-redemption-settlement-value,"Redemptions SHALL be settled at the Redemption Value, which tracks the underlying basket.",redeemApxUSDStep_effect,Apyx deployed contracts,none (hand-off: README §6.4),model=partial / impl=not-run,redeemApxUSDStep_effect (Apyx.lean) — Settlement credit equals amount*redemptionValue/ray. | Settlement credit = amount*redemptionValue/ray proved; linkage to basket value is not modeled,model-local,not-run,model-partial,pending
APYX-liquidity-buffer-size,SPEC.md REQ-liquidity-buffer-size,The system SHALL maintain a liquidity buffer sized against the largest historical TVL drawdowns observed in comparable stablecoins.,none,off-chain process,manual review,out-of-scope (not formalizable),README §6.1; requirements.json formalizable=false,out-of-scope,not-recorded,scope-decision,pending
APYX-mint-access-whitelist,SPEC.md REQ-mint-access-whitelist,"Only participants who are eligible, located in permitted jurisdictions, and whitelisted SHALL be allowed to mint apxUSD.",mintApxUSDStep_effect; depositUSDCStep_effect,Apyx deployed contracts,none (hand-off: README §6.4),model=partial / impl=not-run,"mintApxUSDStep_effect; depositUSDCStep_effect (Apyx.lean) — Whitelist/denylist guards only; eligibility, jurisdiction, and implementation refinement are absent.",model-local,not-run,model-partial,pending
APYX-redeem-access-whitelist,SPEC.md REQ-redeem-access-whitelist,"Only participants who are eligible, located in permitted jurisdictions, and whitelisted SHALL be allowed to redeem apxUSD.",redeemApxUSDStep_effect,Apyx deployed contracts,none (hand-off: README §6.4),model=partial / impl=not-run,"redeemApxUSDStep_effect (Apyx.lean) — One path implies whitelist; eligibility, jurisdiction, poolRedeem, RFQ, and implementation refinement remain outside scope.",model-local,not-run,model-partial,pending
APYX-issuance-price-one,SPEC.md REQ-issuance-price-one,New apxUSD issuance SHALL be priced at exactly $1 per token.,depositUSDCStep_effect; req_mint_price_arbitrage_pathway,Apyx deployed contracts,none (hand-off: README §6.4),model=proved (unnamed mapping) / impl=not-run,depositUSDCStep_effect; req_mint_price_arbitrage_pathway (Apyx.lean) — Deposit mints exactly amount apxUSD for amount USDC.,model-local,not-run,model-proof,pending
APYX-buffer-growth-stress,SPEC.md REQ-buffer-growth-stress,The over‑collateralization buffer SHALL grow during stress events rather than be drained by them.,none,off-chain process,manual review,out-of-scope (not formalizable),README §6.1; requirements.json formalizable=false,out-of-scope,not-recorded,scope-decision,pending
APYX-deposit-permissionless,SPEC.md REQ-deposit-permissionless,The vault MUST allow any address to deposit apxUSD and receive apyUSD without requiring KYB/KYC.,req_deposit_permissionless,Apyx deployed contracts,none (hand-off: README §6.4),model=partial / impl=not-run,req_deposit_permissionless (Apyx.lean) — The model has no KYB/KYC field and proves only an abstract success condition.,model-local,not-run,model-partial,pending
APYX-token-no-rebase,SPEC.md REQ-token-no-rebase,"The apyUSD token MUST NOT rebase its balances; balances may change only via transfers, minting, or burning.",req_token_no_rebase,Apyx deployed contracts,none (hand-off: README §6.4),model=partial / impl=not-run,req_token_no_rebase (Apyx.lean) — Closed model has no peer-to-peer transfer/interface refinement; only absence of implicit rebase is proved.,model-local,not-run,model-partial,pending
APYX-exchange-rate-non-decreasing,SPEC.md REQ-exchange-rate-non-decreasing,The exchange rate between apyUSD and apxUSD MUST be non‑decreasing over time.,req_exchange_rate_non_decreasing; exchange_rate_non_decreasing_tick_trace; TickOnlyTrace,Apyx deployed contracts,none (hand-off: README §6.4),model=partial / impl=not-run,req_exchange_rate_non_decreasing (Apyx.lean) plus exchange_rate_non_decreasing_tick_trace (Safety.lean) — time monotonicity is proved over the explicit tick-only trace language; mixed traces can still change supply/custody and are not covered.,model-local; trace,not-run,model-partial,pending
APYX-redemption-exchange-rate-multiplier,SPEC.md REQ-redemption-exchange-rate-multiplier,"When a user redeems apyUSD, the system MUST transfer an amount of apxUSD equal to the number of apyUSD redeemed multiplied by the current exchange rate, which MUST be greater than or equal to 1.",redeemStep_effect,Apyx deployed contracts,none (hand-off: README §6.4),model=partial / impl=not-run,redeemStep_effect (Apyx.lean) — Payout at live rate proved; 'rate >= 1' claim survives nowhere.,model-local,not-run,model-partial,pending
APYX-jurisdiction-restriction-frontend,SPEC.md REQ-jurisdiction-restriction-frontend,The frontend MUST prevent users located in restricted jurisdictions from accessing the Apyx application.,none,off-chain process,manual review,out-of-scope (not formalizable),README §6.1; requirements.json formalizable=false,out-of-scope,not-recorded,scope-decision,pending
APYX-redemption-async-process,SPEC.md REQ-redemption-async-process,"Redemption requests MUST follow the three‑step asynchronous process of request, cooldown, and claim.",req_redemption_async_process,Apyx deployed contracts,none (hand-off: README §6.4),model=partial / impl=not-run,req_redemption_async_process (Apyx.lean) — Request/claim guard fragment; complete liveness and deployed process conformance are not proved.,model-local,not-run,model-partial,pending
APYX-redemption-cooldown-period,SPEC.md REQ-redemption-cooldown-period,"After a redemption request is submitted, the system MUST enforce a cooldown period of approximately 20 days before a claim can be executed.",req_single_pending_redemption_per_user; claimUnlockStep_effect; req_redemption_async_process; redemption_cycle_closes_after_cooldown,Apyx deployed contracts,none (hand-off: README §6.4),model=proved (unnamed mapping) / impl=not-run,req_single_pending_redemption_per_user; claimUnlockStep_effect; req_redemption_async_process; redemption_cycle_closes_after_cooldown (Apyx.lean) — Deadline now+cooldownPeriod recorded; claim requires cooldownEnd <= now; cooldownPeriod = 20*day.,model-local,not-run,model-proof,pending
APYX-single-pending-redemption-per-user,SPEC.md REQ-single-pending-redemption-per-user,"Each user MUST have at most one pending redemption request; if the user adds assets to an existing request, the cooldown timer MUST reset to the time of the update.",req_single_pending_redemption_per_user,Apyx deployed contracts,none (hand-off: README §6.4),model=partial / impl=not-run,req_single_pending_redemption_per_user (Apyx.lean) — The theorem establishes a pointed position after request; uniqueness and all receipt paths are not stated by this theorem.,model-local,not-run,model-partial,pending
APYX-cooldown-no-yield,SPEC.md REQ-cooldown-no-yield,"During a redemption cooldown, the exchange rate for the locked apyUSD MUST remain fixed and the user MUST not accrue additional yield on those tokens.",redeemStep_effect; withdrawStep_effect; req_pay_to_non_cooldown,Apyx deployed contracts,none (hand-off: README §6.4),model=proved (unnamed mapping) / impl=not-run,redeemStep_effect; withdrawStep_effect; req_pay_to_non_cooldown (Apyx.lean) — Payout frozen at request-time rate; creditYield leaves unlock entries unchanged.,model-local,not-run,model-proof,pending
APYX-flexible-redemption-claim-minimum,SPEC.md REQ-flexible-redemption-claim-minimum,A flexible redemption claim MUST be executable only after a minimum of 3 days have elapsed since the request.,flexibleClaimStep_effect; req_unlock_claimable_after_3d; flexible_fee_schedule_is_reachable,Apyx deployed contracts,none (hand-off: README §6.4),model=proved (unnamed mapping) / impl=not-run,flexibleClaimStep_effect; req_unlock_claimable_after_3d; flexible_fee_schedule_is_reachable (Apyx.lean) — Success requires requestTime + minFlexibleClaim <= now (3*day); reachable trace proved.,trace; reachable,not-run,model-proof,pending
APYX-flexible-redemption-early-fee,SPEC.md REQ-flexible-redemption-early-fee,The early redemption fee applied to a flexible redemption claim MUST start at 3.5 % and decline linearly over time to a minimum of 0.1 %.,req_early_unlock_fee_linear_decline; flexible_fee_schedule_is_reachable; flexibleUnlockFee_at_min_claim; flexibleUnlockFee_claimable_le; flexibleUnlockFee_before_cooldown_exact,Apyx deployed contracts,none (hand-off: README §6.4),model=partial / impl=not-run,"Apyx.lean — The executable claim window starts after 3 days, so the first claim is exactly 299 bps, not 350; all claimable states are ≤299, with an exact discrete formula before cooldown and a 10 bps terminal floor. The source-level 350→10 linearity claim is therefore not proved as stated.",reachable; counterexample; conditional-formula,not-run,model-partial,pending
APYX-flexible-redemption-multiple-requests,SPEC.md REQ-flexible-redemption-multiple-requests,The system MUST allow a user to have multiple concurrent flexible redemption unlock requests.,flexibleRequestUnlockStep_effect; registryDisjoint_createFlexibleUnlock; registryWellIndexed_flexibleRequestUnlock_step,Apyx deployed contracts,none (hand-off: README §6.4),model=partial / impl=not-run,flexibleRequestUnlockStep_effect; registryDisjoint_createFlexibleUnlock; registryWellIndexed_flexibleRequestUnlock_step (Apyx.lean) — Fresh-id allocation preserves prior entries; no theorem on two concurrent same-user requests.,model-local,not-run,model-partial,pending
APYX-overcollateralization-limit,SPEC.md REQ-overcollateralization-limit,The system MUST ensure that the total amount of apxUSD minted never exceeds the market value of the collateral minus the required overcollateralization margin.,req_overcollateralization_limit; solvency_preserved_ledger_derived,Apyx deployed contracts,none (hand-off: README §6.4),model=partial / impl=not-run,"The aggregate theorem remains unmargined and excludes claim settlement, stress, backstop, reserve withdrawal, and unbounded admin repricing. Ledger.lean adds solvency_preserved_ledger_derived: with an initial finite apxUSD ledger and initial price bound, the balance and price halves of WellFormed are derived along the trace; pending-aware solvency remains the separate invariant.",model-local; trace,not-run,model-partial,pending
APYX-buffer-preservation,SPEC.md REQ-buffer-preservation,The system MUST preserve the overcollateralization buffer during routine redemption operations; the buffer MUST NOT be consumed.,req_buffer_non_decreasing,Apyx deployed contracts,none (hand-off: README §6.4),model=partial / impl=not-run,"req_buffer_non_decreasing (Apyx.lean) — Four redemption paths only; stress, backstop, and reserve withdrawal are outside the theorem.",model-local,not-run,model-partial,pending
APYX-mint-redeem-at-redemption-value,SPEC.md REQ-mint-redeem-at-redemption-value,"All minting and redemption transactions MUST be executed at the Redemption Value, which reflects the underlying basket of preferred shares and cash.",mintApxUSDStep_effect; redeemApxUSDStep_effect; depositUSDCStep_effect,Apyx deployed contracts,none (hand-off: README §6.4),model=partial / impl=not-run,"mintApxUSDStep_effect; redeemApxUSDStep_effect; depositUSDCStep_effect (Apyx.lean) — Exact effect theorems: redeem pays (amount*redemptionValue)/ray; mint modeled 1:1 into reserve. | Redeem at redemptionValue proved; mint is modeled 1:1 (par), not at redemptionValue",model-local,not-run,model-partial,pending
APYX-buffer-non-decreasing,SPEC.md REQ-buffer-non-decreasing,"Outside of a catastrophic backstop, the overcollateralization buffer — the gap between Total Collateral Value and Redemption Value — MUST NOT decrease: it MUST NOT be consumed during routine redemptions and MUST be preserved (and MAY grow) through stress events, and it MAY increase over time via yield spreads and collateral appreciation. A catastrophic backstop is the sole exception and deliberately distributes the entire buffer (see catastrophic-backstop).",req_buffer_non_decreasing,Apyx deployed contracts,none (hand-off: README §6.4),model=partial / impl=not-run,"req_buffer_non_decreasing (Apyx.lean) — The theorem covers four redemption operations, not all transitions or stress events.",model-local,not-run,model-partial,pending
APYX-arbitrage-mint-access,SPEC.md REQ-arbitrage-mint-access,Only eligible whitelist participants SHALL be permitted to invoke the minting pathway for arbitrage when apxUSD trades above $1.00.,req_arbitrage_mint_access,Apyx deployed contracts,none (hand-off: README §6.4),model=proved / impl=not-run,req_arbitrage_mint_access (Apyx.lean),model-local,not-run,model-proof,pending
APYX-arbitrage-redeem-access,SPEC.md REQ-arbitrage-redeem-access,Only eligible whitelist participants SHALL be permitted to redeem apxUSD for dollar‑equivalent value when apxUSD trades below $1.00.,redeemApxUSDStep_effect,Apyx deployed contracts,none (hand-off: README §6.4),model=partial / impl=not-run,redeemApxUSDStep_effect (Apyx.lean) — One modeled path only; RFQ/pool paths and the full conditional access claim are not joined.,model-local,not-run,model-partial,pending
APYX-yield-distributor-credit,SPEC.md REQ-yield-distributor-credit,The YieldDistributor MUST credit converted apxUSD proceeds to the apyUSD vault.,req_yield_distributor_credit,Apyx deployed contracts,none (hand-off: README §6.4),model=partial / impl=not-run,req_yield_distributor_credit (Apyx.lean) — Authorized vesting update is proved; external transfer and deployed-vault credit are not modeled.,model-local,not-run,model-partial,pending
APYX-linear-vest-implementation,SPEC.md REQ-linear-vest-implementation,The LinearVestV0 contract MUST implement a linear vesting mechanism for yield credited to the apyUSD vault.,req_continuous_stream; vestedAmount_le_total; vestedAmount_monotone; vest_no_early_drain,Apyx deployed contracts,none (hand-off: README §6.4),model=proved (unnamed mapping) / impl=not-run,"req_continuous_stream; vestedAmount_le_total; vestedAmount_monotone; vest_no_early_drain (Apyx.lean + Safety.lean) — Zero at anchor, monotone, capped, full at period end.",model-local,not-run,model-proof,pending
APYX-credit-preserves-accrued-vest,SPEC.md REQ-credit-preserves-accrued-vest,"When new yield is deposited or the vesting period is changed, the LinearVestV0 contract MUST accrue the already-vested-but-not-yet-transferred amount into a separate fully-vested accumulator BEFORE resetting the vesting clock, so that previously accrued yield is preserved (not forfeited) across the reset.",req_credit_preserves_accrued_vest,Apyx deployed contracts,none (hand-off: README §6.4),model=proved / impl=not-run,req_credit_preserves_accrued_vest (Apyx.lean),model-local,not-run,model-proof,pending
APYX-continuous-stream,SPEC.md REQ-continuous-stream,Yield MUST be streamed continuously over a configurable period rather than as a lump‑sum distribution.,req_continuous_stream,Apyx deployed contracts,none (hand-off: README §6.4),model=partial / impl=not-run,"req_continuous_stream (Apyx.lean) — Zero-at-anchor, monotonicity, and endpoint are proved; literal continuity/no-lump property is not.",model-local,not-run,model-partial,pending
APYX-monthly-yield-rate-set,SPEC.md REQ-monthly-yield-rate-set,"Each month, the system MUST set the yield rate for the following month based on the prior month’s collateral‑base yield.",step_setYieldRate_exact,Apyx deployed contracts,none (hand-off: README §6.4),model=partial / impl=not-run,"step_setYieldRate_exact (BlastRadius.lean) — Forces admin, monthPeriod cadence, bps cap, basis refresh; liveness clause dropped. | Setter cadence/cap/basis proved; the liveness clause (rate IS set monthly) is not stated",model-local,not-run,model-partial,pending
APYX-yield-rate-dollar-terms,SPEC.md REQ-yield-rate-dollar-terms,The yield rate MUST be expressed in dollar terms for the month.,step_setYieldRate_exact,Apyx deployed contracts,none (hand-off: README §6.4),model=partial / impl=not-run,step_setYieldRate_exact (BlastRadius.lean) — Setter arithmetic wrapper only; the economic unit/refinement is not encoded.,model-local,not-run,model-partial,pending
APYX-pay-to-non-cooldown,SPEC.md REQ-pay-to-non-cooldown,Yield MUST be paid to all apyUSD tokens that are not currently undergoing cooldown.,req_pay_to_non_cooldown,Apyx deployed contracts,none (hand-off: README §6.4),model=partial / impl=not-run,req_pay_to_non_cooldown (Apyx.lean) — The theorem covers all current positive apyUSD holders and leaves unlock records unchanged; it does not state the requirement's cooldown predicate.,model-local,not-run,model-partial,pending
APYX-new-locked-receives-yield,SPEC.md REQ-new-locked-receives-yield,"When new apyUSD is locked, it MUST immediately begin receiving yield, which reduces the overall percentage yield for existing holders.",req_deposit_immediate; req_exchange_rate_non_decreasing; exchange_rate_monotone_deposit,Apyx deployed contracts,none (hand-off: README §6.4),model=partial / impl=not-run,req_deposit_immediate; req_exchange_rate_non_decreasing; exchange_rate_monotone_deposit (Apyx.lean + Safety.lean) — Missing: dilution clause (enlarged share base lowers existing holders' percentage yield).,model-local,not-run,model-partial,pending
APYX-cooldown-removal,SPEC.md REQ-cooldown-removal,"When apyUSD enters the cooldown phase, it MUST be removed from the yield pool, causing remaining apyUSD to receive a higher percentage yield.",redeemStep_effect,Apyx deployed contracts,none (hand-off: README §6.4),model=partial / impl=not-run,redeemStep_effect (Apyx.lean) — Post-state burns shares and creates unlock record; resulting higher per-share yield not stated.,model-local,not-run,model-partial,pending
APYX-configurable-vesting-period,SPEC.md REQ-configurable-vesting-period,The vesting period for linear yield distribution MUST be configurable.,req_configurable_vesting_period,Apyx deployed contracts,none (hand-off: README §6.4),model=proved / impl=not-run,req_configurable_vesting_period (Apyx.lean),model-local,not-run,model-proof,pending
APYX-redemption-value-uniform,SPEC.md REQ-redemption-value-uniform,The system MUST apply the same Redemption Value to all participants regardless of market conditions.,redeemApxUSDStep_effect,Apyx deployed contracts,none (hand-off: README §6.4),model=partial / impl=not-run,"redeemApxUSDStep_effect (Apyx.lean) — Payout formula depends only on amount and state, not caller. | Uniform payout proved for the modeled redeemApxUSD path; RFQ/pool redemption legs not covered by this row",model-local,not-run,model-partial,pending
APYX-buffer-not-consumed,SPEC.md REQ-buffer-not-consumed,The system MUST NOT reduce the overcollateralization buffer as a result of routine redemption operations.,req_buffer_non_decreasing,Apyx deployed contracts,none (hand-off: README §6.4),model=proved (unnamed mapping) / impl=not-run,req_buffer_non_decreasing (Apyx.lean) — Duplicate of buffer-preservation in the extraction.,model-local,not-run,model-proof,pending
APYX-catastrophic-backstop,SPEC.md REQ-catastrophic-backstop,"Upon detection of a catastrophic scenario, the system MUST set the per-apxUSD Redemption Value to Total Collateral Value divided by the total apxUSD supply, so that redeeming the entire supply distributes the full reserve (buffer included) pro-rata to holders. Redemption Value is a per-unit apxUSD→USDC price (the deployed ApxUSDRateOracle rate, 1e18 precision), not an aggregate.",req_catastrophic_backstop,Apyx deployed contracts,none (hand-off: README §6.4),model=partial / impl=not-run,req_catastrophic_backstop (Apyx.lean) — Per-unit reset and reserve clearing are modeled; aggregate pro-rata conservation and implementation refinement are not.,model-local,not-run,model-partial,pending
APYX-governance-deploy-buffer,SPEC.md REQ-governance-deploy-buffer,The system MUST restrict voting on buffer deployment to holders of the governance token.,voteBufferDeployment_requires_governance_holder; voteBufferDeployment_reverts_without_governance_holder; step,Apyx deployed contracts,none (hand-off: README §6.4),model=proved (guard) / impl=not-run,"Apyx.lean proves both directions of the modeled guard: every accepted vote has a positive governance-token balance, and a zero-balance caller gets none.",model-local,not-run,model-proof,pending
APYX-rfq-redemption-allowed,SPEC.md REQ-rfq-redemption-allowed,The system MUST allow users to submit redemption requests through the RFQ process and MUST permit only approved counterparties to execute those requests.,req_rfq_redemption_allowed,Apyx deployed contracts,none (hand-off: README §6.4),model=partial / impl=not-run,req_rfq_redemption_allowed (Apyx.lean) — Sufficient successful path with explicit balance and reserve premises; general allow/liveness and implementation refinement are not proved.,model-local,not-run,model-partial,pending
APYX-deposit-immediate,SPEC.md REQ-deposit-immediate,The apyUSD vault MUST complete deposit operations synchronously and deliver apyUSD shares to the receiver without any delay.,req_deposit_immediate,Apyx deployed contracts,none (hand-off: README §6.4),model=partial / impl=not-run,req_deposit_immediate (Apyx.lean) — Same-step abstract effect; ERC-4626 implementation conformance is not run.,model-local,not-run,model-partial,pending
APYX-mint-immediate,SPEC.md REQ-mint-immediate,The apyUSD vault MUST complete mint operations synchronously and deliver apyUSD shares to the receiver without any delay.,req_deposit_immediate,Apyx deployed contracts,none (hand-off: README §6.4),model=partial / impl=not-run,req_deposit_immediate (Apyx.lean) — Same-step abstract lock effect; deployed mint ABI/refinement is not run.,model-local,not-run,model-partial,pending
APYX-synchronous-withdraw-return-token,SPEC.md REQ-synchronous-withdraw-return-token,The apyUSD vault MUST execute withdrawals and redeems synchronously and MUST return apxUSD_unlock tokens immediately.,req_synchronous_withdraw_return_token,Apyx deployed contracts,none (hand-off: README §6.4),model=partial / impl=not-run,req_synchronous_withdraw_return_token (Apyx.lean) — One modeled receiver path and abstract registry creation; full withdraw/redeem interface behavior is not proved.,model-local,not-run,model-partial,pending
APYX-unlock-cooldown,SPEC.md REQ-unlock-cooldown,The apxUSD_unlock token MAY be redeemed for apxUSD only after a cooldown period has elapsed.,claimUnlockStep_effect; req_redemption_async_process; redemption_cycle_closes_after_cooldown,Apyx deployed contracts,none (hand-off: README §6.4),model=partial / impl=not-run,claimUnlockStep_effect; req_redemption_async_process; redemption_cycle_closes_after_cooldown (Apyx.lean) — Negative guard and one modeled trace are proved; full token/interface behavior is not.,trace,not-run,model-partial,pending
APYX-depositforminshares-slippage,SPEC.md REQ-depositforminshares-slippage,"depositForMinShares(uint256 assets, uint256 minShares, address receiver) MUST revert if the number of shares that would be minted is less than minShares.",depositForMinShares_reverts_on_slippage; depositForMinShares_delegates_when_bounded,Apyx deployed contracts,none (hand-off: README §6.4),model=proved (guard + delegation) / impl=not-run,"Apyx.lean proves both the reverting slippage branch and the bounded branch's exact delegation to lockApxUSD; underlying execution can still revert for protocol guards.",model-local,not-run,model-proof,pending
APYX-mintformaxassets-slippage,SPEC.md REQ-mintformaxassets-slippage,"mintForMaxAssets(uint256 shares, uint256 maxAssets, address receiver) MUST revert if the amount of assets required to mint the requested shares exceeds maxAssets.",mintForMaxAssets_reverts_on_slippage; mintForMaxAssets_delegates_when_bounded,Apyx deployed contracts,none (hand-off: README §6.4),model=proved (guard + delegation) / impl=not-run,"Apyx.lean proves both the reverting slippage branch and the bounded branch's exact delegation to lockApxUSD previewMint shares; the model's share-exact mint deviation remains documented.",model-local,not-run,model-proof,pending
APYX-totalAssets-includes-vault-balance-and-vested,SPEC.md REQ-totalAssets-includes-vault-balance-and-vested,The vault's totalAssets() function MUST include both the vault's apxUSD balance and the vestedAmount() reported by the LinearVestV0 contract.,totalAssets_eq_vault_balance_plus_vested,Apyx deployed contracts,none (hand-off: README §6.4),model=proved (view equation) / impl=not-run,totalAssets_eq_vault_balance_plus_vested (Apyx.lean) states the exact two-term view equation; the external vesting implementation is not refined.,model-local,not-run,model-proof,pending
APYX-withdrawal-pulls-vested,SPEC.md REQ-withdrawal-pulls-vested,"When processing a withdrawal, the apyUSD vault MUST pull all vested yield from the LinearVestV0 contract before completing the withdrawal.",withdrawStep_effect; pullVestedYield_moves_exactly_vested,Apyx deployed contracts,none (hand-off: README §6.4),model=partial / impl=not-run,withdrawStep_effect; pullVestedYield_moves_exactly_vested (Apyx.lean + Safety.lean) — Abstract ordering and amount are proved; external contract call ordering is not.,model-local,not-run,model-partial,pending
APYX-global-pause-blocks-deposit,SPEC.md REQ-global-pause-blocks-deposit,"If the global pause is active, any deposit or mint transaction MUST revert.",depositUSDCStep_effect; mintApxUSDStep_effect,Apyx deployed contracts,none (hand-off: README §6.4),model=partial / impl=not-run,depositUSDCStep_effect; mintApxUSDStep_effect (Apyx.lean) — Abstract dispatcher guard only; deployed entrypoint coverage is not run.,model-local,not-run,model-partial,pending
APYX-denylist-blocks-deposit,SPEC.md REQ-denylist-blocks-deposit,"If the caller or the receiver address is present in the deny list, deposit and mint operations MUST revert.",depositUSDCStep_effect; mintApxUSDStep_effect,Apyx deployed contracts,none (hand-off: README §6.4),model=partial / impl=not-run,depositUSDCStep_effect; mintApxUSDStep_effect (Apyx.lean) — Abstract dispatcher guards only; all deployed entrypoints are not covered.,model-local,not-run,model-partial,pending
APYX-deposit-emits-event,SPEC.md REQ-deposit-emits-event,"The deposit(assets, receiver) function MUST emit a Deposit event with parameters (sender, receiver, owner, assets, shares) upon successful execution.",req_deposit_emits_event,Apyx deployed contracts,none (hand-off: README §6.4),model=partial / impl=not-run,req_deposit_emits_event (Apyx.lean) — Untyped abstract string/list event and depositUSDC alias; ABI event refinement is not proved.,model-local,not-run,model-partial,pending
APYX-mint-emits-event,SPEC.md REQ-mint-emits-event,"The mint(shares, receiver) function MUST emit a Deposit event with parameters (sender, receiver, owner, assets, shares) upon successful execution.",mintApxUSDStep_effect,Apyx deployed contracts,none (hand-off: README §6.4),model=partial / impl=not-run,mintApxUSDStep_effect (Apyx.lean) — Abstract event tuple only; typed ABI event refinement is not proved.,model-local,not-run,model-partial,pending
APYX-erc4626-compliance,SPEC.md REQ-erc4626-compliance,The apyUSD vault contract MUST implement the ERC‑4626 tokenized vault interface.,req_erc4626_compliance,Apyx deployed contracts,none (hand-off: README §6.4),model=partial / impl=not-run,"req_erc4626_compliance (Apyx.lean) — Conversion/preview/max algebra only; full ABI, events, getters, and refinement are not proved.",model-local,not-run,model-partial,pending
APYX-unlock-token-redeemable-1to1-after-20d,SPEC.md REQ-unlock-token-redeemable-1to1-after-20d,apxUSD_unlock tokens MUST be redeemable 1:1 for apxUSD after a 20‑day cooldown period.,claimUnlockStep_effect; redemption_cycle_closes_after_cooldown; claimUnlock_holderValueAt_neutral,Apyx deployed contracts,none (hand-off: README §6.4),model=partial / impl=not-run,claimUnlockStep_effect; redemption_cycle_closes_after_cooldown; claimUnlock_holderValueAt_neutral (Apyx.lean + HolderValue.lean) — Conditional 1:1 payout and one trace are proved; unconditional post-cooldown success is not.,trace,not-run,model-partial,pending
APYX-unlock-token-nontransferable,SPEC.md REQ-unlock-token-nontransferable,apxUSD_unlock tokens MUST NOT be transferable.,no_role_seizes_unlock_position; unlock_position_created_only_by_vault_ops,Apyx deployed contracts,none (hand-off: README §6.4),model=partial / impl=not-run,no_role_seizes_unlock_position; unlock_position_created_only_by_vault_ops (BlastRadius.lean) — Missing owner-initiated case; ownership preservation proved only for non-owner callers.,model-local,not-run,model-partial,pending
APYX-unlock-token-no-yield,SPEC.md REQ-unlock-token-no-yield,apxUSD_unlock tokens MUST NOT earn yield.,req_pay_to_non_cooldown; claimUnlockStep_effect,Apyx deployed contracts,none (hand-off: README §6.4),model=partial / impl=not-run,req_pay_to_non_cooldown; claimUnlockStep_effect (Apyx.lean) — Abstract unlock records remain unchanged; holder/value and implementation-level yield exclusion are not fully modeled.,model-local,not-run,model-partial,pending
APYX-unlock-receipt-nft-mint,SPEC.md REQ-unlock-receipt-nft-mint,"When a user initiates a new unlock, the system MUST mint an on‑chain Unlock Receipt NFT representing the pending claim.",requestUnlockStep_exact_position; ownerPointerSound_createStandardUnlock; registryBounded_createStandardUnlock; withdrawStep_effect,Apyx deployed contracts,none (hand-off: README §6.4),model=partial / impl=not-run,"requestUnlockStep_exact_position; ownerPointerSound_createStandardUnlock; registryBounded_createStandardUnlock; withdrawStep_effect (Apyx.lean + Registry.lean) — Registry-invariant preservation over createStandardUnlock plus step post-state equations. | Abstract registry surrogate: receipt fields and pointers, not on-chain NFT custody (README notes NFT custody is unmodeled)",model-local,not-run,model-partial,pending
APYX-unlock-claimable-after-3d,SPEC.md REQ-unlock-claimable-after-3d,Unlocks MUST become claimable after three days.,req_unlock_claimable_after_3d,Apyx deployed contracts,none (hand-off: README §6.4),model=partial / impl=not-run,req_unlock_claimable_after_3d (Apyx.lean) — Conditional timing guard only; successful claim liveness after three days is not proved.,model-local,not-run,model-partial,pending
APYX-early-unlock-fee-linear-decline,SPEC.md REQ-early-unlock-fee-linear-decline,The early unlock fee MUST decline linearly over time from 3.5 % down to 0.1 %.,req_early_unlock_fee_linear_decline; flexibleUnlockFee_at_min_claim; flexibleUnlockFee_claimable_le; flexibleUnlockFee_before_cooldown_exact,Apyx deployed contracts,none (hand-off: README §6.4),model=partial / impl=not-run,"Apyx.lean — Exact first-claim (299 bps), claimable upper bound (299 bps), discrete pre-cooldown formula, monotonicity, and terminal floor are proved; the literal 350 bps start is unreachable for a successful claim, so the broad 3.5%→0.1% claim remains partial.",model-local; reachable; counterexample,not-run,model-partial,pending
APYX-unlock-cannot-be-cancelled,SPEC.md REQ-unlock-cannot-be-cancelled,The system MUST NOT allow an unlocking request to be cancelled once it has been initiated.,req_unlock_cannot_be_cancelled,Apyx deployed contracts,none (hand-off: README §6.4),model=partial / impl=not-run,req_unlock_cannot_be_cancelled (Apyx.lean) — Closed abstract operation enumeration only; deployed token transfer/burn surface is not refined.,model-local,not-run,model-partial,pending
APYX-unlock-conversion-after-cooldown,SPEC.md REQ-unlock-conversion-after-cooldown,Conversion of apxUSD_unlock to apxUSD MUST only be possible after the cooldown period has elapsed.,claimUnlockStep_effect; redemption_cycle_closes_after_cooldown; req_redemption_async_process,Apyx deployed contracts,none (hand-off: README §6.4),model=proved (unnamed mapping) / impl=not-run,claimUnlockStep_effect; redemption_cycle_closes_after_cooldown; req_redemption_async_process (Apyx.lean) — Negative half: success forces cooldownEnd <= now; positive half: reachable trace.,trace; reachable,not-run,model-proof,pending
APYX-multiple-unlocks-reset-cooldown,SPEC.md REQ-multiple-unlocks-reset-cooldown,"If a user initiates multiple unlocks, the system MUST reset the cooldown period for the total locked amount.",req_multiple_unlocks_reset_cooldown,Apyx deployed contracts,none (hand-off: README §6.4),model=partial / impl=not-run,req_multiple_unlocks_reset_cooldown (Apyx.lean) — One top-up effect under pointer hypotheses; general multiple-request behavior is not proved.,model-local,not-run,model-partial,pending
APYX-withdrawForMaxShares-revert-if-exceeds-maxShares,SPEC.md REQ-withdrawForMaxShares-revert-if-exceeds-maxShares,"withdrawForMaxShares(uint256 assets, uint256 maxShares, address receiver) MUST revert if the number of apyUSD shares required to withdraw the assets exceeds maxShares.",withdrawForMaxShares_reverts_on_slippage; withdrawForMaxShares_delegates_when_bounded,Apyx deployed contracts,none (hand-off: README §6.4),model=proved (guard + delegation) / impl=not-run,Apyx.lean proves the reverting bound and exact delegation to Op.withdraw when bounded; underlying withdrawal guards remain separate.,model-local,not-run,model-proof,pending
APYX-redeemForMinAssets-revert-if-below-minAssets,SPEC.md REQ-redeemForMinAssets-revert-if-below-minAssets,"redeemForMinAssets(uint256 shares, uint256 minAssets, address receiver) MUST revert if the amount of apxUSD assets to be received is less than minAssets.",redeemForMinAssets_reverts_on_slippage; redeemForMinAssets_delegates_when_bounded,Apyx deployed contracts,none (hand-off: README §6.4),model=proved (guard + delegation) / impl=not-run,Apyx.lean proves the reverting bound and exact delegation to Op.redeem when bounded; underlying redemption guards remain separate.,model-local,not-run,model-proof,pending
APYX-vault-pulls-vested-yield-before-withdraw,SPEC.md REQ-vault-pulls-vested-yield-before-withdraw,"When a withdrawal is requested, the vault MUST automatically pull all vested yield from the LinearVestV0 contract before processing the withdrawal.",withdrawStep_effect; redeemStep_effect; pullVestedYield_moves_exactly_vested,Apyx deployed contracts,none (hand-off: README §6.4),model=partial / impl=not-run,withdrawStep_effect; redeemStep_effect; pullVestedYield_moves_exactly_vested (Apyx.lean + Safety.lean) — Abstract ordering and amount only; external contract-call refinement is not proved.,model-local,not-run,model-partial,pending
APYX-vault-burns-apyUSD-shares-immediately,SPEC.md REQ-vault-burns-apyUSD-shares-immediately,The vault MUST burn the appropriate amount of apyUSD shares immediately upon a withdraw or redeem call.,withdrawStep_effect; redeemStep_effect,Apyx deployed contracts,none (hand-off: README §6.4),model=proved (unnamed mapping) / impl=not-run,withdrawStep_effect; redeemStep_effect (Apyx.lean) — Post-state contains burnApyUSD in the same atomic step.,model-local,not-run,model-proof,pending
APYX-vault-deposits-apxUSD-into-UnlockToken,SPEC.md REQ-vault-deposits-apxUSD-into-UnlockToken,The vault MUST deposit the corresponding apxUSD amount into the UnlockToken contract during a withdraw or redeem operation.,withdrawStep_effect; redeemStep_effect; apxUSDFlow_withdraw; apxUSDFlow_redeem,Apyx deployed contracts,none (hand-off: README §6.4),model=partial / impl=not-run,"withdrawStep_effect; redeemStep_effect; apxUSDFlow_withdraw; apxUSDFlow_redeem (Apyx.lean + HolderValue.lean) — vaultApxUSDBal debited and createStandardUnlock in the same step. | Abstract custody-flow surrogate: vaultApxUSDBal debit + registry entry, not a contract-level token transfer",model-local,not-run,model-partial,pending
APYX-unlockToken-mints-apxUSD_unlock-immediately,SPEC.md REQ-unlockToken-mints-apxUSD_unlock-immediately,"The UnlockToken contract MUST mint apxUSD_unlock tokens to the user immediately after the deposit -- where ""the deposit"" is the vault depositing the corresponding apxUSD into the UnlockToken contract (as part of a withdraw/redeem/unlock-request operation), not the user's initial USDC/apxUSD deposit into the vault.",withdrawStep_effect; redeemStep_effect; stdPositions_createStandardUnlock,Apyx deployed contracts,none (hand-off: README §6.4),model=partial / impl=not-run,withdrawStep_effect; redeemStep_effect; stdPositions_createStandardUnlock (Apyx.lean + HolderValue.lean) — Same atomic step credits the receiver's fresh position. | Abstract registry surrogate: fresh position credited in the same step; no on-chain unlock-token mint is modeled,model-local,not-run,model-partial,pending
APYX-unlockToken-redeem-after-cooldown,SPEC.md REQ-unlockToken-redeem-after-cooldown,The UnlockToken contract MUST allow a user to call redeem() after the cooldown period to receive the underlying apxUSD.,redemption_cycle_closes_after_cooldown; claimUnlockStep_effect; claimUnlock_holderValueAt_neutral,Apyx deployed contracts,none (hand-off: README §6.4),model=proved (unnamed mapping) / impl=not-run,"redemption_cycle_closes_after_cooldown; claimUnlockStep_effect; claimUnlock_holderValueAt_neutral (Apyx.lean + HolderValue.lean) — Liveness half proved inside one trace: request, tick, claim succeeds.",trace,not-run,model-proof,pending
APYX-singleton-unlockToken-instance,SPEC.md REQ-singleton-unlockToken-instance,There MUST be exactly one instance of UnlockToken and it MUST be used exclusively by the apyUSD vault.,step_unlockTokenAddress_unchanged; unlock_position_created_only_by_vault_ops,Apyx deployed contracts,none (hand-off: README §6.4),model=partial / impl=not-run,step_unlockTokenAddress_unchanged; unlock_position_created_only_by_vault_ops (Apyx.lean + BlastRadius.lean) — Instance identity immutable and only vault ops allocate; first theorem is a private helper.,model-local,not-run,model-partial,pending
APYX-vault-operator-of-UnlockToken,SPEC.md REQ-vault-operator-of-UnlockToken,"The apyUSD vault MUST be configured as the operator of the UnlockToken contract, allowing it to initiate redeem requests on behalf of users immediately.",step_unlockTokenOperator_unchanged; claimUnlockStep_effect; flexibleClaimStep_effect,Apyx deployed contracts,none (hand-off: README §6.4),model=partial / impl=not-run,step_unlockTokenOperator_unchanged; claimUnlockStep_effect; flexibleClaimStep_effect (Apyx.lean) — Operator immutability proved; no theorem asserts operator = vault address.,model-local,not-run,model-partial,pending
APYX-DR-1,"SPEC.md §10a DR-1 (provenance: on-chain, block ~25,641,600)","A redeem request SHALL become claimable once unlockingDelay has elapsed since it was filed, and a trace SHALL exist that files, waits and claims.",module-level: CommitToken.lean,deployed contracts (see archive/audit-evidence/deployment_ground_truth.md),none (hand-off: README §6.4),model=formalized (deployment-derived) / impl=not-run,CommitToken.lean; SPEC.md §10a; archive/audit-evidence/deployment_ground_truth.md,model-local (deployment-derived),not-run,deployment-reading,pending
APYX-DR-2,"SPEC.md §10a DR-2 (provenance: on-chain, block ~25,641,600)",A claim SHALL burn exactly the recorded share amount and credit the receiver exactly that amount (assets and shares convert 1:1).,module-level: CommitToken.lean,deployed contracts (see archive/audit-evidence/deployment_ground_truth.md),none (hand-off: README §6.4),model=formalized (deployment-derived) / impl=not-run,CommitToken.lean; SPEC.md §10a; archive/audit-evidence/deployment_ground_truth.md,model-local (deployment-derived),not-run,deployment-reading,pending
APYX-DR-3,"SPEC.md §10a DR-3 (provenance: on-chain, block ~25,641,600)",A holder SHALL NOT be committed to more shares than they hold.,module-level: CommitToken.lean,deployed contracts (see archive/audit-evidence/deployment_ground_truth.md),none (hand-off: README §6.4),model=formalized (deployment-derived) / impl=not-run,CommitToken.lean; SPEC.md §10a; archive/audit-evidence/deployment_ground_truth.md,model-local (deployment-derived),not-run,deployment-reading,pending
APYX-DR-4,"SPEC.md §10a DR-4 (provenance: on-chain, block ~25,641,600)",Adding to an existing request SHALL reset the cooldown for the entire position; the contract keeps no tranches.,module-level: CommitToken.lean,deployed contracts (see archive/audit-evidence/deployment_ground_truth.md),none (hand-off: README §6.4),model=formalized (deployment-derived) / impl=not-run,CommitToken.lean; SPEC.md §10a; archive/audit-evidence/deployment_ground_truth.md,model-local (deployment-derived),not-run,deployment-reading,pending
APYX-DR-5,"SPEC.md §10a DR-5 (provenance: on-chain, block ~25,641,600)",A claim SHALL be rejected unless its amount equals the recorded request exactly; partial claims are not supported.,module-level: CommitToken.lean,deployed contracts (see archive/audit-evidence/deployment_ground_truth.md),none (hand-off: README §6.4),model=formalized (deployment-derived) / impl=not-run,CommitToken.lean; SPEC.md §10a; archive/audit-evidence/deployment_ground_truth.md,model-local (deployment-derived),not-run,deployment-reading,pending
APYX-DR-6,"SPEC.md §10a DR-6 (provenance: on-chain, block ~25,641,600)","Claimability SHALL be evaluated against the current unlockingDelay, so raising it applies to requests already pending.",module-level: CommitToken.lean,deployed contracts (see archive/audit-evidence/deployment_ground_truth.md),none (hand-off: README §6.4),model=formalized (deployment-derived) / impl=not-run,CommitToken.lean; SPEC.md §10a; archive/audit-evidence/deployment_ground_truth.md,model-local (deployment-derived),not-run,deployment-reading,pending
APYX-DR-7,"SPEC.md §10a DR-7 (provenance: on-chain, block ~25,641,600)",A request SHALL NOT escrow the shares; they remain on the owner's balance until the claim (ERC-7540 deviation).,module-level: CommitToken.lean,deployed contracts (see archive/audit-evidence/deployment_ground_truth.md),none (hand-off: README §6.4),model=formalized (deployment-derived) / impl=not-run,CommitToken.lean; SPEC.md §10a; archive/audit-evidence/deployment_ground_truth.md,model-local (deployment-derived),not-run,deployment-reading,pending
APYX-DR-8,"SPEC.md §10a DR-8 (provenance: on-chain, block ~25,641,600)","The published redemption ratio SHALL be min(collateral ratio, cap) and SHALL NOT exceed cap on any trace.",module-level: RedemptionOracle.lean,deployed contracts (see archive/audit-evidence/deployment_ground_truth.md),none (hand-off: README §6.4),model=formalized (deployment-derived) / impl=not-run,RedemptionOracle.lean; SPEC.md §10a; archive/audit-evidence/deployment_ground_truth.md,model-local (deployment-derived),not-run,deployment-reading,pending
APYX-DR-9,"SPEC.md §10a DR-9 (provenance: on-chain, block ~25,641,600)",No operation of the pipeline SHALL modify cap; moving it requires replacing the implementation.,module-level: RedemptionOracle.lean,deployed contracts (see archive/audit-evidence/deployment_ground_truth.md),none (hand-off: README §6.4),model=formalized (deployment-derived) / impl=not-run,RedemptionOracle.lean; SPEC.md §10a; archive/audit-evidence/deployment_ground_truth.md,model-local (deployment-derived),not-run,deployment-reading,pending
APYX-DR-10,"SPEC.md §10a DR-10 (provenance: on-chain, block ~25,641,600)",A push above the cap SHALL be clamped rather than rejected.,module-level: RedemptionOracle.lean,deployed contracts (see archive/audit-evidence/deployment_ground_truth.md),none (hand-off: README §6.4),model=formalized (deployment-derived) / impl=not-run,RedemptionOracle.lean; SPEC.md §10a; archive/audit-evidence/deployment_ground_truth.md,model-local (deployment-derived),not-run,deployment-reading,pending
APYX-DR-11,"SPEC.md §10a DR-11 (provenance: on-chain, block ~25,641,600)","Below the cap the published ratio SHALL equal the pushed value; no lower bound is enforced, and a push of 0 publishes 0.",module-level: RedemptionOracle.lean,deployed contracts (see archive/audit-evidence/deployment_ground_truth.md),none (hand-off: README §6.4),model=formalized (deployment-derived) / impl=not-run,RedemptionOracle.lean; SPEC.md §10a; archive/audit-evidence/deployment_ground_truth.md,model-local (deployment-derived),not-run,deployment-reading,pending
APYX-DR-12,"SPEC.md §10a DR-12 (provenance: on-chain, block ~25,641,600)",A mint request SHALL be rejected when it exceeds rateLimitAmount minus the volume already recorded inside rateLimitPeriod.,module-level: MinterRateLimit.lean,deployed contracts (see archive/audit-evidence/deployment_ground_truth.md),none (hand-off: README §6.4),model=formalized (deployment-derived) / impl=not-run,MinterRateLimit.lean; SPEC.md §10a; archive/audit-evidence/deployment_ground_truth.md,model-local (deployment-derived),not-run,deployment-reading,pending
APYX-DR-13,"SPEC.md §10a DR-13 (provenance: on-chain, block ~25,641,600)",A successful mint SHALL record its amount at the current timestamp.,module-level: MinterRateLimit.lean,deployed contracts (see archive/audit-evidence/deployment_ground_truth.md),none (hand-off: README §6.4),model=formalized (deployment-derived) / impl=not-run,MinterRateLimit.lean; SPEC.md §10a; archive/audit-evidence/deployment_ground_truth.md,model-local (deployment-derived),not-run,deployment-reading,pending
APYX-DR-14,"SPEC.md §10a DR-14 (provenance: on-chain, block ~25,641,600)",Reducing rateLimitAmount SHALL NOT unwind volume already inside the window; capacity pins at zero until the window rolls.,module-level: MinterRateLimit.lean,deployed contracts (see archive/audit-evidence/deployment_ground_truth.md),none (hand-off: README §6.4),model=formalized (deployment-derived) / impl=not-run,MinterRateLimit.lean; SPEC.md §10a; archive/audit-evidence/deployment_ground_truth.md,model-local (deployment-derived),not-run,deployment-reading,pending
APYX-DR-15,"SPEC.md §10a DR-15 (provenance: on-chain, block ~25,641,600)","A record SHALL leave the window the moment rateLimitPeriod has elapsed; capacity is restored in one step, not smoothly.",module-level: MinterRateLimit.lean,deployed contracts (see archive/audit-evidence/deployment_ground_truth.md),none (hand-off: README §6.4),model=formalized (deployment-derived) / impl=not-run,MinterRateLimit.lean; SPEC.md §10a; archive/audit-evidence/deployment_ground_truth.md,model-local (deployment-derived),not-run,deployment-reading,pending
APYX-DR-16,"SPEC.md §10a DR-16 (provenance: on-chain, block ~25,641,600)",The market allowlist SHALL be fixed at construction; no operation may widen it.,module-level: LiquidationBatcher.lean,deployed contracts (see archive/audit-evidence/deployment_ground_truth.md),none (hand-off: README §6.4),model=formalized (deployment-derived) / impl=not-run,LiquidationBatcher.lean; SPEC.md §10a; archive/audit-evidence/deployment_ground_truth.md,model-local (deployment-derived),not-run,deployment-reading,pending
APYX-DR-17,"SPEC.md §10a DR-17 (provenance: on-chain, block ~25,641,600)",Withdrawals SHALL transfer only to the immutable construction-time destination; the caller SHALL NOT choose a recipient.,module-level: LiquidationBatcher.lean,deployed contracts (see archive/audit-evidence/deployment_ground_truth.md),none (hand-off: README §6.4),model=formalized (deployment-derived) / impl=not-run,LiquidationBatcher.lean; SPEC.md §10a; archive/audit-evidence/deployment_ground_truth.md,model-local (deployment-derived),not-run,deployment-reading,pending
APYX-DR-18,"SPEC.md §10a DR-18 (provenance: on-chain, block ~25,641,600)",A batch naming any market outside the allowlist SHALL revert in full.,module-level: LiquidationBatcher.lean,deployed contracts (see archive/audit-evidence/deployment_ground_truth.md),none (hand-off: README §6.4),model=formalized (deployment-derived) / impl=not-run,LiquidationBatcher.lean; SPEC.md §10a; archive/audit-evidence/deployment_ground_truth.md,model-local (deployment-derived),not-run,deployment-reading,pending
APYX-DR-19,"SPEC.md §10a DR-19 (provenance: on-chain, block ~25,641,600)",The vault SHALL hold no stored exchange rate. totalAssets() SHALL be computed on read as asset.balanceOf(vault) + vesting.vestedAmount().,module-level: Apyx.lean,deployed contracts (see archive/audit-evidence/deployment_ground_truth.md),none (hand-off: README §6.4),model=partial / impl=not-run,"Apyx.lean; SPEC.md §10a; archive/audit-evidence/deployment_ground_truth.md — Pricing reads are derived, but the abstract State retains a published exchangeRate field; exact state/refinement correspondence is unresolved.",model-local,not-run,model-partial,pending
APYX-DR-20,"SPEC.md §10a DR-20 (provenance: on-chain, block ~25,641,600)",Conversions SHALL use OpenZeppelin virtual share/asset: shares = assets * (totalSupply + 10^offset) / (totalAssets + 1) and inverse.,module-level: Apyx.lean / MulDivFidelity.lean,deployed contracts (see archive/audit-evidence/deployment_ground_truth.md),none (hand-off: README §6.4),model=partial / impl=not-run,Apyx.lean / MulDivFidelity.lean; SPEC.md §10a; archive/audit-evidence/deployment_ground_truth.md — The model's ray-scaled double-division formulas are not identical to the deployed single mulDiv form; fidelity remains a hand-off.,model-local,not-run,model-partial,pending
APYX-DR-21,"SPEC.md §10a DR-21 (provenance: on-chain, block ~25,641,600)","Rounding SHALL favour the vault in all four directions: previewDeposit down, previewMint up, previewWithdraw up, previewRedeem down.",module-level: Apyx.lean,deployed contracts (see archive/audit-evidence/deployment_ground_truth.md),none (hand-off: README §6.4),model=formalized (deployment-derived) / impl=not-run,Apyx.lean; SPEC.md §10a; archive/audit-evidence/deployment_ground_truth.md,model-local (deployment-derived),not-run,deployment-reading,pending
APYX-DR-22,"SPEC.md §10a DR-22 (provenance: on-chain, block ~25,641,600)","withdraw and redeem SHALL realise vested yield before pricing, so liquid assets match totalAssets() at the moment of conversion.",module-level: Apyx.lean,deployed contracts (see archive/audit-evidence/deployment_ground_truth.md),none (hand-off: README §6.4),model=formalized (deployment-derived) / impl=not-run,Apyx.lean; SPEC.md §10a; archive/audit-evidence/deployment_ground_truth.md,model-local (deployment-derived),not-run,deployment-reading,pending
APYX-DR-23,"SPEC.md §10a DR-23 (provenance: on-chain, block ~25,641,600)","Each withdraw/redeem SHALL open a new unlock receipt with its own token id (one-pending-request rule applies to the request registry, not vault receipts).",module-level: Apyx.lean,deployed contracts (see archive/audit-evidence/deployment_ground_truth.md),none (hand-off: README §6.4),model=formalized (deployment-derived) / impl=not-run,Apyx.lean; SPEC.md §10a; archive/audit-evidence/deployment_ground_truth.md,model-local (deployment-derived),not-run,deployment-reading,pending
APYX-DR-24,"SPEC.md §10a DR-24 (provenance: on-chain, block ~25,641,600)","A settled unlock SHALL be retired in the same call that pays it out — request entry and owner pointer both cleared, not only the receipt.",module-level: Apyx.lean,deployed contracts (see archive/audit-evidence/deployment_ground_truth.md),none (hand-off: README §6.4),model=formalized (deployment-derived) / impl=not-run,Apyx.lean; SPEC.md §10a; archive/audit-evidence/deployment_ground_truth.md,model-local (deployment-derived),not-run,deployment-reading,pending
APYX-DR-25,"SPEC.md §10a DR-25 (provenance: on-chain, block ~25,641,600)",Crediting yield SHALL affect only the vesting contract; it SHALL NOT credit the USDC redemption reserve.,module-level: Apyx.lean / DeploymentGaps.lean,deployed contracts (see archive/audit-evidence/deployment_ground_truth.md),none (hand-off: README §6.4),model=formalized (deployment-derived) / impl=not-run,Apyx.lean / DeploymentGaps.lean; SPEC.md §10a; archive/audit-evidence/deployment_ground_truth.md,model-local (deployment-derived),not-run,deployment-reading,pending
APYX-PM-transition-contract,docs/11-apyx-proof-map.md §4,"Every public operation MUST have an explicit accepted/reverted transition result: acceptance carries the post-state and events, and a revert leaves no successor state.",StepResult; stepResult_total; stepResult_accepted_iff; stepResult_reverted_iff; stepResult_reverted_no_state,Apyx deployed contracts,none (hand-off: README §6.4),model=partial / impl=not-run,"Transition.lean — Total accepted/reverted boundary over the Option-valued step; RevertReason has only modelUnknown, so guard identification, event fidelity, and partial-state-before-revert behavior remain explicit model gaps.",model-local,not-run,model-partial,pending
APYX-PM-apxusd-ledger,docs/11-apyx-proof-map.md §5.1,The finite apxUSD holder ledger MUST agree with the tracked total supply on every state reachable from the default state.,ApxUSDLedgerConsistent; apxUSDLedgerConsistent_default; apxUSDLedgerConsistent_step; apxUSDLedgerConsistent_trace,Apyx deployed contracts,none (hand-off: README §6.4),model=proved (reachable from default) / impl=not-run,"Ledger.lean — Initialization, per-Op preservation (ledgerCoveredOp_all), and revert-skip trace lifting are proved; ledgerGapWitness records that arbitrary hand-written states can still violate the identity.",reachable; trace,not-run,model-proof,pending
APYX-PM-registry-wellindexed,docs/11-apyx-proof-map.md §5.2,"Registry entries MUST stay bounded by the id counter, owner pointers MUST reference live positions owned by the pointing address, and the standard/flexible registries MUST stay disjoint.",RegistryWellIndexed; registryWellIndexed_default; registryWellIndexed_step; registryWellIndexed_reachable,Apyx deployed contracts,none (hand-off: README §6.4),model=proved (reachable) / impl=not-run,"Registry.lean — Initialization, per-Op preservation, and reachability are proved; constructor-specific lemmas cover fresh allocation, top-ups, claims, and vault exits.",reachable,not-run,model-proof,pending
APYX-PM-protocol-inv,docs/11-apyx-proof-map.md §6,"From the initial state, every accepted solvency-scoped operation MUST preserve the composite design invariant: registry well-indexedness, solvency, well-formedness, and both finite token ledgers.",ProtocolInv; protocolInv_default; protocolInv_step; protocolInv_reachable; protocolInv_reachableOps,Apyx deployed contracts,none (hand-off: README §6.4),model=partial / impl=not-run,"Invariant.lean — Preservation excludes claimUnlock, flexibleClaimUnlock, handleStressEvent, catastrophicBackstop, withdrawReserve (SolvencyScopedOp); the ops-only layer discharges WellFormed under PriceBoundedOp. Proof Map v2 V2-INV targets removing the exclusions.",reachable,not-run,model-partial,pending
APYX-PM-outstanding-solvency,docs/11-apyx-proof-map.md §6,Circulating apxUSD supply plus pending unlock face amounts MUST stay covered by collateral plus reserve across the request-cooldown-claim settlement cycle.,SolventOutstanding; solventOutstanding_step; protocolInvOutstanding_step; protocolInvFull_reachable,Apyx deployed contracts,none (hand-off: README §6.4),model=partial / impl=not-run,"Invariant.lean — Both unlock claims are inside the preserved scope; vault exits (withdraw/redeem), handleStressEvent, catastrophicBackstop, withdrawReserve are excluded (OutstandingScopedOp), and reachability is anchored at the empty default state. Proof Map v2 V2-INIT/V2-ACC target the funded-Init and custody-accounting gaps.",reachable,not-run,model-partial,pending
APYX-PM-receipt-ledger,docs/11-apyx-proof-map.md §5.2,Unlock receipts MUST agree with the pending registries on owner and face amount on every reachable state of the restricted relation.,UnlockTokenLedgerConsistent; protocolInvWithReceiptLedger_step; protocolInvWithReceiptLedger_reachable,Apyx deployed contracts,none (hand-off: README §6.4),model=proved (reachable," restricted relation) / impl=not-run,Invariant.lean + HolderValue.lean — Receipt/registry identity with exhaustive UnlockTokenLedgerCoveredOp classification; no USDC total-supply, fee-wallet, or NFT-custody field is added to State.",reachable,not-recorded,model-proof,pending
APYX-PM-init-funded,life#59 Proof Map v2 §V2-A,"The global safety series MUST start from a legitimate (possibly funded) initial state, not only from the empty default state.",Init; init_inv; init_default; init_fundedInit; ReachInit; protocolInvFull_reachable,Apyx deployed contracts,none (hand-off: README §6.4),"model=proved (reachable, restricted relation) / impl=not-run",Init.lean — Init is a predicate (default and the funded witness both qualify); ReachInit carries the same OutstandingScopedOp/PriceBoundedOp side conditions as the former default-anchored relation (subsumed by ReachInit). The USDC holder ledger stays an external-parameter boundary (v2 decision V2-A option 2).,reachable,not-run,model-proof,pending
APYX-PM-funded-settlement,life#59 Proof Map v2 §V2-A,A full request-cooldown-claim settlement cycle MUST be exhibitable from a funded legitimate initial state inside the safety relation.,fundedInit_settlement_trace; fundedInit_settlement_reachInit,Apyx deployed contracts,none (hand-off: README §6.4),model=proved (witness) / impl=not-run,"Init.lean — The funded witness runs request(400) → tick(cooldownPeriod) → claim without reverting, and the mid-cycle states are ReachInit-reachable with ProtocolInvFull; the default-anchored relation cannot exhibit this as a nonzero trace.",witness; trace,not-run,attack-witness,pending
APYX-PM-phase-valid,life#59 Proof Map v2 §V2-A/V2-B,Legitimate initial states MUST be in the normal phase (emergency flag down); the flag MUST be a frame fact under the outstanding scope.,NormalPhase; emergencyFlag_frame; normalPhase_step,Apyx deployed contracts,none (hand-off: README §6.4),model=proved (model-local) / impl=not-run,Init.lean — Only handleStressEvent writes emergencyFlag (the backstop reads it as a guard); V2-INV replaces the single bit with explicit Normal/Stress/Backstop phases.,model-local,not-run,model-proof,pending
APYX-PM-backstop-conservation,life#59 Proof Map v2 §V2-C,"The catastrophic backstop MUST distribute at most the reserve, and payouts plus an explicit rounding residual MUST equal the pre-state reserve exactly; the residual MUST NOT be silently ignored.",backstopPayout; backstopResidual; backstopPayout_sum_le_reserve; backstop_reserve_conservation; catastrophicBackstop_accounting; catastrophicBackstop_accounting_ledger,Apyx deployed contracts,none (hand-off: README §6.4),model=proved (model-local) / impl=not-run,"Accounting.lean — Sum of floor-divided pro-rata payouts over any supply-bounded holder support is at most the reserve (zero-supply corner pays zero); payouts plus the named residual equal the reserve; tied to the transition via req_catastrophic_backstop. pro_rata_floor_underpays_witness (SpecDefects.lean) shows the residual can be positive, so the residual-free equality is deliberately not claimed.",model-local,not-run,model-proof,pending
APYX-PM-obligations-ledger,life#59 Proof Map v2 §V2-C / §4,"Vault custody, circulating supply, pending unlock liabilities, and the credited yield stream MUST be tracked in one accounting measure with exact per-operation conservation deltas.",apxUSDObligations; apxUSDObligations_pullVestedYield; apxUSDObligations_lockApxUSD; apxUSDObligations_requestUnlock; apxUSDObligations_flexibleRequestUnlock; apxUSDObligations_claimUnlock; apxUSDObligations_flexibleClaimUnlock; apxUSDObligations_withdraw; apxUSDObligations_redeem; apxUSDObligations_creditYield; apxUSDObligations_tick,Apyx deployed contracts,none (hand-off: README §6.4),model=proved (model-local) / impl=not-run,"Accounting.lean — Requests, claims, lock, and both vault exits are exactly neutral under the unified measure (the vault-exit channel SolventOutstanding had to exclude becomes conservation); the flexible claim sheds exactly its fee; creditYield adds exactly the credited amount; the vest pull is internal motion. Phase-scoped invariants over this measure are V2-INV work.",model-local,not-run,model-proof,pending
APYX-PM-phase-structure,life#59 Proof Map v2 §V2-B,"The protocol phases MUST be explicit: normal operation, an absorbing stress phase entered by a stress event, and a backstop that fires only inside stress.",NormalPhase; StressPhase; stressPhase_absorbing,Apyx deployed contracts,none (hand-off: README §6.4),model=proved (model-local) / impl=not-run,"Phase.lean — Phases are derived from emergencyFlag, the model's single phase bit: only handleStressEvent raises it, nothing clears it (stressPhase_absorbing), and req_catastrophic_backstop proves the backstop's stress-phase guard.",model-local,not-run,model-proof,pending
APYX-PM-exception-contracts,life#59 Proof Map v2 §V2-B,"Operations that cannot satisfy the conservation invariant by design MUST have named, separately proved contracts instead of silent exclusions: stress bounds the solvency degradation by the stress amount, the backstop conserves via the explicit residual, and the reserve outflow has exact deltas.",StressContract; handleStressEvent_contract; BackstopContract; catastrophicBackstop_contract; ReserveOutflowContract; withdrawReserve_contract,Apyx deployed contracts,none (hand-off: README §6.4),model=proved (model-local) / impl=not-run,"Phase.lean — StressContract proves collateral falls by exactly the stress amount with pending-aware solvency degrading by at most that amount; BackstopContract packages the repricing, pro-rata credits, reserve zeroing, and obligation-ledger frame; ReserveOutflowContract quantifies the admin outflow. All three frame apxUSDObligations.",model-local,not-run,model-proof,pending
APYX-PM-total-classification,life#59 Proof Map v2 §V2-B,"Every operation MUST be classified — invariant-preserving or a named exception — with no implicit exclusions, and one theorem MUST deliver the governing rule for every operation.",opCoverage; stepContract,Apyx deployed contracts,none (hand-off: README §6.4),model=proved (model-local) / impl=not-run,"Phase.lean — opCoverage proves by case analysis that every Op is either OutstandingScopedOp (the preserving class) or one of the five named exceptions; stepContract delivers per-class rules for all operations in one statement: ProtocolInvFull preservation, vault-exit conservation (via V2-ACC), and the three exception contracts.",model-local,not-run,model-proof,pending
APYX-PM-transition-coverage,life#59 Proof Map v2 §V2-TRANS,"Every public operation MUST have a delta/frame/reject contract: success-inversion effect boundaries for money-moving operations and frame families for the rest, over the total accepted/reverted transition result.",lockApxUSD_guards; lockApxUSDStep_effect; depositUSDCStep_effect; mintApxUSDStep_effect; redeemApxUSDStep_effect; executeRFQRedemptionStep_effect; executeRFQRedemption_reverts_without_counterparty; executeRFQRedemption_reverts_without_request; withdrawReserveStep_effect; poolRedeemStep_effect; requestUnlockStep_effect; flexibleRequestUnlockStep_effect; claimUnlockStep_effect; flexibleClaimStep_effect; withdrawStep_effect; redeemStep_effect; stepResult_total,Apyx deployed contracts,none (hand-off: README §6.4),model=partial / impl=not-run,"Arithmetic.lean + Apyx.lean + Transition.lean — Money-moving operations expose success-inversion boundaries; lockApxUSD now has its exact public post-state, and RFQ execution has explicit negative guard theorems for unauthorized counterparties and over-sized requests. The sixteen admin/config operations remain covered by frame families rather than per-op effect inversions; implementation refinement is not run.",model-local,not-run,model-partial,pending
APYX-PM-arithmetic-safe,life#59 Proof Map v2 §V2-D,"Every accepted step MUST be arithmetically safe: each Nat subtraction is guard-covered (no implicit truncation), division denominators are positive or their zero policy is explicit, and clamped subtractions are named.",ArithmeticSafe; accepted_arithmetic_safe; ray_pos; backstopPayout_sum_le_reserve; StressContract,Apyx deployed contracts,none (hand-off: README §6.4),model=proved (model-local) / impl=not-run,Arithmetic.lean — accepted_arithmetic_safe packages the guard-derived no-underflow facts for all nine subtraction-bearing operations from the effect boundaries; ray and the +1-virtualized share divisor are positive; the backstop's zero-supply division pays zero (explicit policy); handleStressEvent's clamped collateral subtraction is intentional semantics stated in StressContract. Uint256 overflow remains an implementation-layer question (MulDivFidelity/model.md).,model-local,not-run,model-proof,pending
APYX-PM-time-separation,life#59 Proof Map v2 §V2-E / V2-TIME,"Time-dependent safety and liveness MUST be separate theorems: an early claim cannot succeed, and a matured claim has a successful trace; the clock moves only by tick and is monotone.",req_redemption_async_process; redemption_cycle_closes_after_cooldown; req_unlock_claimable_after_3d; flexible_fee_schedule_is_reachable; now_moves_only_by_tick; tick_advances_now_exactly; now_nondecreasing; fundedInit_settlement_trace,Apyx deployed contracts,none (hand-off: README §6.4),model=proved (safety model-local; liveness witness) / impl=not-run,"Apyx.lean + Init.lean — The negative half (deadline > now → claim reverts) and the positive half (request → tick → claim trace exists, now also from the funded Init witness) are separate theorems, as v2 §V2-E requires; clock monotonicity is the three relational lemmas of proof-map v1 §5.3.",model-local; witness,not-run,attack-witness,pending
APYX-PM-claim-coverage,life#59 Proof Map v2 §V2-VALUE,"On every reachable state, each individually recorded unlock position MUST be covered by collateral plus reserve, derived from the accounting invariant.",standardUnlockTotal_covers; flexibleUnlockTotal_covers; pending_standard_claim_covered; pending_flexible_claim_covered; pending_standard_claim_covered_reachable; pending_flexible_claim_covered_reachable,Apyx deployed contracts,none (hand-off: README §6.4),"model=proved (reachable, restricted relation) / impl=not-run","Accounting.lean — Each recorded standard/flexible face amount is bounded by its liability total, hence by outstandingApxUSD, hence by collateral + reserve via SolventOutstanding — the claim-level non-depletion corollary derived through the v2 economic ladder, lifted to ReachInit states. Holder-value trace bounds remain the existing HolderValue.lean family.",reachable,not-run,model-proof,pending
APYX-PM-capability-frames,life#59 Proof Map v2 §V2-CAP,"Each privileged role MUST have a proved single-authority blast radius: the fields it can move, the funds it cannot touch, and the trace-level damage bound.",admin_frame; admin_cannot_touch_balances; admin_trace_blast_radius; pauser_cannot_extract; pauser_trace_blast_radius; yield_distributor_frame; yield_distributor_trace_blast_radius; oracle_frame; oracle_trace_blast_radius; no_role_transfers_user_funds; no_role_burns_user_shares; no_role_debits_usdc; no_role_seizes_unlock_position; user_assets_immune_to_total_key_compromise; no_theft_ledger,Apyx deployed contracts,none (hand-off: README §6.4),model=proved (model-local; trace) / impl=not-run,"BlastRadius.lean — Per-role step frames and trace blast radii for admin, pauser, yield distributor, and oracle; the no-role family bounds what any single authority can move; user_assets_immune_to_total_key_compromise covers the all-keys coalition on user balances. The admin+RFQ coalition reserve drain is a documented finding (archive/audit-evidence/human_review_admin_rfq_coalition_drains.md), not a disproved theorem.",model-local; trace,not-run,model-proof,pending
APYX-PM-capability-outflows,life#59 Proof Map v2 §V2-CAP,"Privileged outflows MUST be quantified: the reserve moves only through redemption paths or the named admin outflow, price movement is admin-only, and per-window extraction is linearly bounded.",reserve_outflow_only_via_redemption; admin_alone_drains_reserve; admin_alone_moves_redemption_price; redemption_price_writers; redemption_price_admin_only; rate_limit_linear_bound; ReserveOutflowContract; withdrawReserve_contract,Apyx deployed contracts,none (hand-off: README §6.4),model=proved (model-local; trace) / impl=not-run,BlastRadius.lean + Phase.lean — Reserve outflow channels are enumerated; the admin's bare withdrawal is exactly quantified by ReserveOutflowContract; rate_limit_linear_bound caps windowed extraction linearly in time. The deployed authority wiring behind caller=admin remains a config-review hand-off (README §6 item 16).,model-local; trace,not-run,model-proof,pending
APYX-PM-vault-preview-safety,life#59 Proof Map v2 §V2-G,"The vault previews MUST NOT favor the user: previewDeposit/previewRedeem report the exact floor conversions, previewMint/previewWithdraw charge the ceiling conversions, and withdrawing never burns fewer shares than an equal deposit mints.",vault_previewDeposit_exact; vault_previewMint_ceil; vault_previewWithdraw_ceil; vault_previewRedeem_exact; vault_withdraw_rounds_against_user,Apyx deployed contracts,none (hand-off: README §6.4),model=proved (model-local) / impl=not-run,"Vault.lean — Named projections of req_erc4626_compliance, registered as vault accounting safety rather than an ABI-compliance claim; the deployed single-mulDiv fidelity gap remains recorded in MulDivFidelity.lean.",model-local,not-run,model-proof,pending
APYX-PM-vault-roundtrip,life#59 Proof Map v2 §V2-G,"Conversion round-trips MUST NOT credit value to the user in either direction, and every max* limit MUST be zero while paused and balance-derived while live.",vault_roundtrip_assets_le; vault_roundtrip_shares_le; vault_paused_max_zero; vault_live_max_balances,Apyx deployed contracts,none (hand-off: README §6.4),model=proved (model-local) / impl=not-run,"Vault.lean — Round-trip inequalities and pause gating, decomposed from req_erc4626_compliance into individually citable properties.",model-local,not-run,model-proof,pending
APYX-PM-vault-burn-pending,life#59 Proof Map v2 §V2-G,"A vault exit MUST record as the pending face amount exactly the asset value whose shares it burned: withdraw records the requested assets, redeem records the floor-converted share value, both at the standard cooldown maturity.",withdraw_burn_matches_pending; redeem_burn_matches_pending,Apyx deployed contracts,none (hand-off: README §6.4),model=proved (model-local) / impl=not-run,"Vault.lean — The v2-G burn/pending agreement: the recorded unlock entry at the fresh id is exactly (receiver, assets, now + cooldownPeriod) for withdraw and (receiver, redeemAssets shares rate, now + cooldownPeriod) for redeem, at the pulled rate. Ties the ERC-4626 exit surface to the unlock liability ledger of V2-ACC.",model-local,not-run,model-proof,pending
APYX-PM3-state-views,life#59 Proof Map v3 §STATE,"The protocol state MUST be reviewable as typed ledger, vault, redemption, reserve, authority, oracle, time, and external-state views, including both aggregate and per-address balances.",LedgerState; VaultState; RedemptionState; ReserveState; AuthorityRole; AuthorityState; OracleState; TimeState; ExternalState; protocolState_tick_frames; protocolState_roleGraph_lists_model_callers; ProtocolViewInvariant; protocolInvOutstanding_to_view; protocolInvFull_reachable_view,Apyx deployed contracts,none (handoff: implementation refinement),model=proved (view bridge) / impl=not-run,"Apyx.lean + Invariant.lean + Init.lean — ProtocolViewInvariant is derived from the existing pending-aware ledger, price, reserve, authority, and external-boundary facts; it is no longer only a projection schema.",model-local; reachable,not-run,model-proof,pending
APYX-PM3-op-family-total,life#59 Proof Map v3 §OPS,Every modeled operation MUST belong to an explicit operation family and accounting boundary so that later family-specific frame and threat proofs cannot silently omit an Op.,operationFamily; operationFamily_total; operationFamily_stepContract_scope; AccountingEffect; accountingEffect; accountingEffect_total; accountingEffect_preserving_scope,Apyx deployed contracts,none (handoff: implementation refinement),model=proved / impl=not-run,Phase.lean — Exhaustive operationFamily and AccountingEffect definitions are integrated with the existing opCoverage/stepContract layer.,model-local,not-run,model-proof,pending
APYX-PM3-threat-models,life#59 Proof Map v3 §THREAT,"Security claims MUST name the threat model, capabilities, and attacker objectives; a caller address alone is not an attacker model.",ThreatModel; AttackObjective; AttackerProfile; attackerCanIssue; AttackerTrace; totalKeyCompromiseTrace; totalKeyAttacker_allows_trace; totalKeyAttacker; passiveHolderAttacker,Apyx deployed contracts,none (handoff: authority and caller wiring),model=proved (trace capability) / impl=not-run,"BlastRadius.lean — Threat profiles expose controlled callers, permissionless operations, time, external calls, and objectives; AttackerTrace now constrains trace entries and the total-key profile is proved to allow every trace entry. Deployed role wiring remains open.",model-local; trace,not-run,model-proof,pending
APYX-PM3-passive-trace,life#59 Proof Map v3 §TRACE,"The passive-holder balance-isolation theorem MUST state its trace restrictions explicitly, including no calls by the protected holder and no targeted approved-RFQ redemption.",passiveHolderTrace,Apyx deployed contracts,none (handoff: implementation refinement),model=proved (trace premise) / impl=not-run,BlastRadius.lean — Named passiveHolderTrace packages the assumptions consumed by the existing total-key theorem.,trace,not-run,model-proof,pending
APYX-PM3-nominal-isolation,life#59 Proof Map v3 §ASSURANCE,"Under total-key compromise, a passive holder's recorded nominal apxUSD, apyUSD, and USDC balances MUST NOT decrease under the restricted modeled trace; this is not an economic-value theorem.",user_assets_immune_to_total_key_compromise; no_theft_ledger,Apyx deployed contracts,none (handoff: bytecode and economic-value analysis),model=proved (profile + passive trace) / impl=not-run,"BlastRadius.lean — The existing nominal-isolation and no-theft theorems now require `totalKeyCompromiseTrace σ ∧ passiveHolderTrace u σ`; the first conjunct is discharged by `totalKeyAttacker_allows_trace`, while victim non-participation and targeted-RFQ exclusion remain explicit.",trace; threat-model,not-run,model-proof,pending
APYX-PM3-claim-coverage,life#59 Proof Map v3 §USER-CLAIM,Each reachable standard or flexible redemption claim MUST be covered by modeled collateral plus reserve.,pending_claim_coverage_reachable; pending_claim_coverage_reachable_view,Apyx deployed contracts,none (handoff: external asset and bytecode refinement),model=proved (reachable) / impl=not-run,Accounting.lean — Existing standard/flexible reachable theorems are composed into one user-facing claim-coverage theorem and restated over the v3 ReserveState/RedemptionState views.,reachable,not-run,model-proof,pending
APYX-PM3-vault-obligations,life#59 Proof Map v3 §VAULT,A modeled vault withdrawal MUST preserve the unified apxUSD obligation ledger under the registry well-indexing premise.,apxUSDObligations_withdraw; apxUSDObligations_redeem,Apyx deployed contracts,none (handoff: ERC-4626 implementation conformance),model=proved (model-local) / impl=not-run,Accounting.lean + Vault.lean — Existing vault-exit accounting proofs connect custody movement to pending liabilities; this is not an ABI or bytecode proof.,model-local,not-run,model-proof,pending
APYX-PM3-admin-witnesses,life#59 Proof Map v3 §CAPABILITY,The model MUST expose explicit witnesses for the two material admin loss paths: reserve outflow and arbitrary nonzero redemption repricing.,admin_alone_drains_reserve; admin_alone_moves_redemption_price,Apyx deployed contracts,none (handoff: multisig/timelock wiring),model=witness / impl=not-run,"BlastRadius.lean — Existing witnesses quantify the chosen receiver and value; they are risk evidence, not a claim of safety.",witness,not-run,attack-witness,pending
APYX-PM3-attack-corpus,life#59 Proof Map v3 §ATTACK,"The audit surface MUST classify access-control, oracle, accounting, inflation, reentrancy, flash-loan, replay, upgrade, and denial-of-service patterns with stable source links, root causes, preconditions, traces, target assets, loss metrics, status, and threat models.",AttackPattern; attackPatternCatalog; attackPatternCatalog_records_are_complete; admin_alone_drains_reserve; redemption_price_writers; vault_roundtrip_assets_le; pending_claim_coverage_reachable,Apyx deployed contracts,DeFiHackLabs corpus review + implementation audit,model=partial / impl=not-run,"BlastRadius.lean — Nine normalized records are shape-checked; model evidence exists for access-control, price, accounting, and rounding, while external categories are explicitly implementation-audit-required.",model-local; implementation-handoff,not-run,model-partial,pending
APYX-PM3-implementation-handoff,life#59 Proof Map v3 §HANDOFF,"External calls, reentrancy, flash-loan composition, signatures, upgradeability, gas denial of service, and deployed authority wiring MUST remain visibly outside the current design-model theorem boundary until implementation checks are run.",step; ThreatModel; AttackerProfile,Apyx deployed contracts,Certora/Halmos/SMT/fuzzing/bytecode review,model=metadata / impl=not-run,Apyx.lean + BlastRadius.lean — The abstract step and threat profiles explicitly stop at the external/implementation boundary; no implementation result is inferred.,implementation-handoff,not-run,model-partial,pending
APYX-PM3-mixed-obligation-trace,life#59 Proof Map v3 §ACCOUNTING,"The modeled mixed lifecycle trace MUST state its operation scope and preserve the unified obligation measure across accepted and reverted entries, with flexible-claim fees explicit.",obligationTraceOp; obligationStepPremises; ObligationTrace; obligationTrace_execTrace_le; SolventObligations; obligation_backing_frame; solventObligations_step; solventObligations_trace; solventObligations_fundedInit,Apyx deployed contracts,none (handoff: external custody and omitted inflows),model=proved (scoped trace) / impl=not-run,"Accounting.lean — lock/request/claim, both vault exits, and tick compose under explicit registry/supply premises; the stronger SolventObligations route also frames totalCollateralValue and usdcReserve across accepted lifecycle steps, lifts the backing inequality to the same trace, and has a concrete fundedInit anchor. Deposit, mint, creditYield, RFQ/pool settlement, reserve outflow, and backstop remain outside.",trace; custody-aware; funded-witness,not-run,model-proof,pending
APYX-PM3-async-vault-family,life#59 Proof Map v3 §ASYNC,All four modeled CommitToken async-vault instances MUST be named and share the cooldown/claim proof family.,CommitToken.liveDeployments; CommitToken.cycle_closes_after_the_delay; CommitToken.raising_the_delay_unclaims_pending_requests,Apyx deployed contracts,none (handoff: deployed addresses and implementation refinement),model=partial (family schema) / impl=not-run,"CommitToken.lean — CT-apxUSD, CT-apyUSDapx, CT-apxUSDUSDC, and apxUSD_unlock are enumerated; the parameterized state machine and delay proofs are shared, but no cross-contract bytecode simulation is claimed.",model-local; implementation-handoff,not-run,model-partial,pending
APYX-PM3-authority-map,life#59 Proof Map v3 §AUTHORITY,"The assurance surface MUST expose role, delay, authority-change, upgrade, beneficiary, and unresolved Safe/role-graph facts instead of treating caller=admin as deployment proof.",AuthorityDeploymentRecord; authorityDeploymentMap; authorityDeploymentUnknowns,Apyx deployed contracts,AccessManager/config review,model=formalized (deployment-derived) / impl=not-run,"DeploymentGaps.lean — role 22 (4h), role 24 (3d), role 41 (undelayed), and role 0 (direct admin) are consolidated; threshold, full graph, setAuthority and storage facts remain unknowns.",deployment-derived; implementation-handoff,not-run,deployment-reading,pending
APYX-PM3-external-boundary,life#59 Proof Map v3 §EXTERNAL,"External calls, callback/reentrancy, flash loans, oracle freshness, signatures, upgrades, and gas/DoS MUST have typed handoff records and no inferred resistance claim.",ExternalExecution; ExternalRisk; ExternalHandoff; externalHandoffCatalog; modelExternalExecution_has_no_callback,Apyx deployed contracts,bytecode call-graph/config/gas review,model=partial / impl=not-run,"Transition.lean — `stepResult` is an atomic model wrapper; the catalog names six external checks, and the no-callback theorem is only model-local, not a deployment reentrancy theorem.",model-local; implementation-handoff,not-run,model-partial,pending
APYX-PM3-refinement-schema,life#59 Proof Map v3 §REFINEMENT,The implementation boundary MUST be represented as ImplState → ProtocolState → Prop with an explicit forward-simulation obligation.,ImplState; Rep; ForwardSimulation; refinementStatus,Apyx deployed contracts,bytecode extraction + simulation proof,model=metadata / impl=not-run,Apyx.lean — `Rep` and `ForwardSimulation` are defined as the target schema; no Solidity/storage extraction or simulation proof is claimed.,implementation-handoff,not-run,model-partial,pending
APYX-PM3-operation-contracts,life#59 Proof Map v3 §CONTRACTS,"Every public operation MUST have separately reviewable precondition, postcondition, revert, frame, and relational contract status.",operationContract; operationContract_family; operationContract_accounting; operationContract_dimensions_explicit; OperationContractProof; operationContract_proof; stepContract,Apyx deployed contracts,Lean model plus implementation audit,model=coverage-index + model-proof / impl=not-run,"Phase.lean — Every `Op` constructor has five explicit dimension statuses, and the model-local portion is connected to the existing total `stepContract` through `OperationContractProof`; `incomplete`, `notModeled`, and `handoff` entries remain visible residuals rather than proof claims.",model-local; implementation-handoff,not-run,model-partial,pending
